<?xml version="1.0"?>
<typesystem package="libqt_gui_cpp_shiboken">
  <load-typesystem name="typesystem_core.xml" generate="no"/>
  <load-typesystem name="typesystem_gui.xml" generate="no"/>
  <load-typesystem name="typesystem_widgets.xml" generate="no"/>
  <namespace-type name="qt_gui_cpp"/>
  <object-type name="qt_gui_cpp::CompositePluginProvider"/>
  <object-type name="qt_gui_cpp::GenericProxy"/>
  <object-type name="qt_gui_cpp::Plugin"/>
  <object-type name="qt_gui_cpp::PluginBridge"/>
  <object-type name="qt_gui_cpp::PluginContext"/>
  <object-type name="qt_gui_cpp::PluginDescriptor"/>
  <object-type name="qt_gui_cpp::PluginProvider"/>
  <object-type name="qt_gui_cpp::RecursivePluginProvider"/>
  <object-type name="qt_gui_cpp::RosPluginlibPluginProvider" generate="no"/>
  <object-type name="qt_gui_cpp::RosPluginlibPluginProvider_ForPluginProviders"/>
  <object-type name="qt_gui_cpp::RosPluginlibPluginProvider_ForPlugins"/>
  <object-type name="qt_gui_cpp::Settings"/>
</typesystem>
